id;name;ownerid;naccs
1;Orchestrator Loan;Cotton Global Courts;Incredible Music Steel
2;capacitor Web navigate;generation overriding Concrete;Health
3;recontextualize;Toys;Future
4;Wooden strategy Berkshire;input;Mouse Avon input
5;turquoise;Islands Mills;unleash Zloty architectures
6;e-services Central;PNG Kina Manat;Orchestrator Manager
7;Avon Plastic;Factors Rustic;Borders Security Account
8;innovate innovative;Parkways;Bike capacitor drive
9;Factors cross-platform;Brand Louisiana;PCI copy flexibility
10;holistic calculate cohesive;disintermediate Account;cyan Missouri
